text,label
"Shopper from Saint John, NB viewed Lenovo ThinkCentre M710t 10M9000RUS Desktop Computer 3 minutes ago!",1
Used Leica Cameras,0
I have green eyes and with these bright green contacts makes my eyes look out of this world amazing. I love them and they have lasted months!!,0
Jamie from Eloy United States purchased a CBD Oil Vape Additives 4 Pack About 7 hours ago,1
"Samuel in Minneapolis, United States purchased a Pod Juice Jewel Mint Cool ❄️Nicotine Salt e-Liquid 15/30ml 7 hours ago",1
Over 238 people have bought this product,1
Clarity Remotes,0
LIMITED TIME OFFER MEN'S CHINOS & 5-POCKET PANTS BUY 2 FOR $59.90 EACH SHOP NOW,1
Rachel Comey,0
"Only 3 left, order soon",1
1 people bought Jotter To Do Refill in the last few hours,1
A very fun outfit for a less formal event like a sangeet! Husband said the bell bottom type pants were fun to dance in :),0
PopGrip MagSafe Refine by Product Type: PopGrip MagSafe,0
"... It covers love and loss, friendship and pain through",0
"NO THANKS, I'D RATHER PAY FULL PRICE",1
Shop All NFL,0
Speed Lace Accessory Kit - Silver,0
Almost Sold Out! Only 2 Left.,1
"The site was easy to navigate. I haven't received my shoes yet, but overall a good experience.",0
Build your own powerful multi-vendor marketplace website,0
ONLY 8 LEFT,1
Vintage Fancy Red Bracelet Watch Women's,0
International Shipping Policy,0
OFFER ENDS IN: 00:32:04 TIME IS RUNNING OUT!,1
Enter your email VIEW MY CODE OFFER EXPIRES IN: 0 minutes 00 seconds EXTRA 10% OFF,1
We are currently accepting and processing orders from following:,0
Chatting,0
"Here for a limited time. 4.5"" Red Bottle Sticker w/ Adam's Logo",1
View All Shoes,0
Engine Cooling System,0
"Nice choice. Did you know you’re missing out on these deals with the item in your cart. Suit + Shirt + Tie now $599.99* - Shop Suits, Shirts and Ties Or Get 2 Suit Packages for $1100*",1
Pick the price that matches your budget.,0
My Story,0
ONLY 5 LEFT!,1
436 users are currently active on our website Just now,1
Powered by,0
Perhaps you could...,0
BSA FAC Air Rifles,0
We curate the very best in creative and innovative fashion for the EDM Lifestyle.,0
Free Shipping. Limited Time Only. for orders over $50,1
"By signing up via text, you agree to receive recurring automated promotional and personalized marketing text messages from SPANX®. Msg & data rates apply. View Terms of Use & Privacy Policy.",0
FAMILY SHADE PACK | PICK YOUR PACK,0
Mixed Wine Cases,0
Only 14 left!,1
8 items left,1
Synthesis E-MTB Alloy Rear Wheel,0
Women's Bags,0
Switchers,0
How about one of these hot sellers?,1
Accessibility statement,0
Why I chose this:,0
88 PEOPLE VIEWED ITEM IN THE LAST 24 HOURS,1
127 People viewed this product this week,1
Your order is reserved for 09:57 minutes!,1
"Book picture is for illustrative purposes only, actual binding, cover or edition may vary.",0
"Sign up for the latest updates, products and offers",0
"NA-KD, White",0
Want Free Shipping?,1
Your order is reserved for 09:43 minutes!,1
FRAMON #2 Code Machine Offer - Limited time offer!,1
Wondering where to buy White Cloud products in the U.S.? Our distributor list is growing! Bookmark our list and stay tuned!,0
Items reserved for 15:00,1
ONLY 3 LEFT! GET IT NOW!,1
Limited-time Deal,1
Nursing chairs,0
Tick here if you do not want to receive Promotional Offers by Post Tick here if you do wish to receive Promotional Offers by email and/or SMS Tick here if you would like to receive Offers from selected third parties,1
Redeem Gift Certificates,0
Hurry! Only 1 left in size M!!,1
Musical Toys,0
Orthopedic,0
Tony Bianco,0
Shotgun Bore Mops,0
Nightforce New Year Clearance,0
Take time to pay.,0
"Son in Suisun City, United States purchased Commander Lex",1
11 people have purchased this item,1
Welcome Newcomer,0
Only 2 Left!,1
Don't miss out! We've sold 38 in the last few days.,1
New Rifles,0
Only 3 left In Stock,1
"Bringing the latest footwear, ‘fits and accessories from the biggest brands, the JD app makes coppin’ the hottest looks even easier!",0
"NO, I DON'T FEEL LUCKY",1
407 customers have viewed this item recently,1
"Skin Concerns: Treats mild to moderate acne (including whiteheads, blackheads, pimples, and hormonal acne) and excess oiliness.",0
Hand & Foot Skin Care,0
Limited Time Only - Up to 30% OFF Freshwater Plants! SHOP NOW >,1
Choose which store you would like to visit,0
QUICK! ONLY 1 LEFT IN STOCK,1
Carnival Remotes,0
Oxfords & Loafers,0
Disposable Washcloths,0
"No thanks, I'd like 0% off",1
Paul Henry,0
Speed Lace Accessory Kit - Orange,0
Extra Soft Cleansing Wipes,0
"Hurry, before it is gone! Limited time remaining!",1
2 DAYS 13:06:13,1
7 left in stock,1
Lease to Own conditions,0
PAVILION LONG SLEEVE SHIRT DRESS Cornflower Stripe,0
Your order is reserved for 09:45 minutes!,1
3 Left,1
Sign up to stay up to date on all White Cloud news and savings!,0
Only 8 left,1
Party & Birthday Novelties,0
Hurry only 1 left!,1
"Someone in Arden Hills, United States purchased 120ml Young Napoleon | Best Strawberry Shortcake eJuice | Vaporham Lincoln eLiquid about 42 minutes ago",1
Real time 30 Visitor right now,1
Customer Support,0
I always order from them! Such good quality for the price you pay! Will always be back!,0
The best!,0
Sign in & make your visit all about you,0
only 2 left,1
HURRY! ONLY 58 LEFT IN STOCK!,1
Hurry Up ! Time is running out,1
"Sign Up To Our Newsletter To Receive News, Offers And Promotions.",0
Only 1 left!,1
Outdoor Recreation,0
(ONLY 1 LEFT IN THIS SIZE!),1
Sunwayfoto,0
Add to Cart,0
Brand,0
Lawn Mowers,0
V&A Collection People Tree’s collaboration with the Victoria and Albert Museum offers a stylish and contemporary capsule collection which celebrates the beauty and variety of pattern which the London museum is renowned for.,0
Deals of the Week,0
Printed,0
Sign In / Join,0
Stock Low : 6 items left.,1
Personalised Gifts,0
Only 1.75 yards left in stock!,1
JerseysPantsSleepwear & UnderwearSwim CollectionT-ShirtsSale Items- View All -,0
Only 3 available,1
(5 Left),1
"Don't snooze, only 1 left",1
COMBAT GEARHot,0
"Hurry, only 2 left in stock!",1
"You may change the items in your order, or cancel the Smartship at anytime, up until 3 days prior to the scheduled ship date of your Smartship by calling Customer Service at 1-800-518-0284.",1
ONLY 5 LEFT,1
Kicks Remotes,0
Root Touch Up + Brow Filler,0
Red Tops,0
I don't like discounts,1
Only 3 Left! Get it before it`s gone!,1
Only 5 item(s) left.,1
"No thanks, I don't want any deals",1
Price Guaranteed For DAYS/HRS/MINS/SECS,1
Hurry! Only 6 left in stock,1
Return my item,0
Graphic Tanks,0
Great for shine,0
Champagne Taittinger,0
Polycarbonate,0
Selling fast! Add to bag 7 times in the last 48 hours.,1
View All Tops,0
Subscribe & Save (15%): $ 16.99,1
Limited Edition Colors,0
Limited Time Only! 20% Off,1
50% OFF for Limited Time Only!!!,1
Pleated Skirts,0
Offer ends in 15hrs 1min 56sec!,1
"Prior to the automatic renewal and billing, we will notify you in advance (via the email you used at the time of enrollment) of (i) the pending renewal, (ii) the then current fees and charges applicable to the Passport Program, and (iii) where you may find more information about the Passport Program. We will also send you an additional email confirming your renewal. Should you elect not to renew your Membership, you may cancel at any time prior to the renewal by emailing us at passportmembership@1800flowers.com and your credit/debit card on file with us will not be charged. A confirmation email will be sent to you.",1
Your first payment will be due on the day of your purchase.*,0
90% offers claimed. Hurry up!,1
IN HIGH DEMAND!,1
"No thanks, I don't like winning",1
39 people have this in their cart,1
Shop Dresses by Occasion,0
Upcoming Events,0
SLEEP EVENT OFFERS - LIMITED TIME ONLY,1
This is in 5 other carts.,1
"Someone in Saint Kilda, Victoria purchased Frank Queen Size Bed Base",1
"Our website implements the ARIA attributes (Accessible Rich Internet Applications) technique, alongside various behavioral changes, to ensure blind users visiting with screen-readers can read, comprehend, and enjoy the website’s functions. As soon as a user with a screen-reader enters your site, they immediately receive a prompt to enter the Screen-Reader Profile so they can browse and operate your site effectively. Here’s how our website covers some of the most important screen-reader requirements:",0
"No thanks, I don’t like fun and games.",1
Long Sleeves Nightwear,0
"Someone in Petaling Jaya, Malaysia just bought SNEAKERGUARD Midsole Paint Marker - BOOST White",1
Baby Boy Jumpsuits and Rompers,0
Only 6 left,1
Chirag in Anoopshahr just got the JAYS - a-JAYS One+ about 17 minutes ago,1
IZZY MIDI DRESS Ivory,0
Tires,0
We only have few stocks left for this product. Please don't miss the chance.,1
Please note: we do not ship to PO Boxes,0
High demand,1
Keep up with crankbrothers,0
Other people want this. 10 people have this in their cart right now.,1
Hurry! Only 2 left!,1
Football,0
My Project Lists,0
Only 3 Left in Stock!,1
Hurry! Only 6 left in stock!,1
Unique and personalized products to go as yourself.,0
Whey Protein Isolate,0
4 people have purchased this item,1
"No thanks, I've got too much cool Glock stuff!",1
1 people are viewing this currently,1
ONLY 1 LEFT! GET IT NOW!,1
Collegiate Shooting Programs,0
Only 8 item(s) left.,1
"Someone in Alexandria, United States just bought TTDeye Queen Green Colored Contact Lenses",1
Merchandise: $69.99iService Charge: $14.99 Total Before Tax: $84.98 Estimated Tax:$5.63Order Total: $90.61,1
Cellular/Honeycomb Shades,0
About Cheryl's Business Gifts,0
LIMITED QUANTITY,1
Crystal Shivlingas,0
Only 4 Left!,1
Body Washes,0
"Our items sell fast, don't miss out!",1
Someone from purchased a HOLEES Original Ladies II - Navy About 9 hours ago,1
"No thanks! I'd rather join the """"Pay Full Price for Things"""" club.",1
"If you wish to cancel your subscription, you can email us at getflat@flattummyco.com",1
FLASH SALE | LIMITED TIME ONLY Shop Now,1
"Save 25% on your entire order 09 Hours 57 Minutes 34Seconds use code: SPRING25""",1
My Account,0
"Sabrina in Paraparaumu, New Zealand purchased a SCHO-KA-KOLA Schokakola energy Chocolate caffeine snack food MRE caffeinated",1
"Someone from South Gate, California just purchased the Admiral JR / Spektrum Servo Connector Plug Set (Male and Female - 2 Pairs)",1
View All Home Accents,0
FilterSortFeaturedPrice: Low to HighPrice: High to LowAlphabetical: A-ZAlphabetical: Z-A,0
Did you know we have an app? Create shareable art and custom PopSockets designs with our unique image editing tools.,0
"Security is our top priority. Our subscription payments are powered by Stripe and ReCharge, processed in a secure PCI-compliant environment to the highest industry standards. Ketolent staff never know your credit card number.",0
Personalize your doll,1
Landofcoder can power almost ANY marketplace you think of,0
Discount pending $10 OFF 00:30:00,1
Sunglasses and Eyewear,0
Availability: 5 items left,1
"Hurry, only 1 left in stock!",1
"Hurry, limited quantities left!",1
Only 8 item(s) left,1
69 people are viewing this,1
About Ruth Hogan,0
Rechargeable,0
6 others have already bought this deal today!,1
Something went wrong. Please try again,0
1 item left,1
"To start your return, simply click on the following button and add your return details. Once the form is filled, you will receive an email with shipping instructions for how to ship the item(s) to our warehouse.",0
Imported,0
"Annie in Cheras, Malaysia just bought: An Abundance of Flowers - Van-Go Paint-By-Number Kit",1
We uses cookies (and similar techniques) to provide you with better products and services. Your permission will be confirmed if you continue using this website.Read more,0
Limited Availability,1
Bought by 39 people in last few hours! HOT SELLER!,1
"Someone in Sasebo, Japan just bought",1
"Now 30% off - hurry, limited time offer!",1
Hair Grooming Appliances,0
6 other people looking at this item,1
7 sold in last 24 hours,1
Shop Men's Styles,0
Naked Wolfe,0
"Items in your cart are in high demand, but we have reserved your order.",1
More than 752 users are adding shapewear to their cart. Is your size left?,1
Gameday Collection,0
· Physical Healing,0
"ONLY 5 LEFT, HURRY!",1
Only 1 products left,1
00 HRS 57 MINS 56 SECS,1
Womens Plaid Clothing,0
60% OFF ENDS IN DAYS HOURS MINUTES SECONDS,1
Yearly,0
Subscribe! Don’t be caught empty handed,0
Only 8 left in stock,1
Pay weekly,0
"No thanks, I’ll skip this amazing super-saver deal. I don’t need so many beautiful textures",1
Someone in Bacchus Marsh bought a Noosa Basics Deodorant Stick - Sensitive (60g) 27 seconds ago,1
"No thanks, I don't like winning.",1
Enter Catalog/Email Code,0
"No thanks, I'll still want to pay full price",1
Your cart is reserved for 09:35 minutes.,1
Bioactive Custodians,0
"We're sorry, this store is closed.",0
Accent Chairs,0
DEAL ENDS IN 40:55:13,1
Hurry! Almost Sold Out...,1
cookie host,0
WANNA COLLAB?,0
"No thanks, I don't want the free gift.",1
Father's Day Gifts,0
Buy with humm.,0
40% OFF EVERYTHING* ENTER: 40PLT + FREE SHIPPING ON ALL ORDERS OVER $80,1
3 PEOPLE VIEWING,1
STAY IN THE LOOP!,0
Loyalty Points,0
Already have an account?,0
Cap Construction,0
ONLY 11 LEFT,1
Shop By Brands,0
Jersey GBP,0
3 LEFT,1
20% OFF VALENTINE\u2019S DAY FAVOURITES * | LIMITED TIME ONLY,1
Please Order Within: 0 0 : 0 2 : 4 1 : 10 65,1
Whoops!,0
What's New New arrivals daily,0
Bob's Outreach,0
Functional Marketing Cookies,0
218 people have added this item to cart,1
Download Now,0
Someone in city just added Radiance - Nebulizing Diffuser® to their cart,1
"no thanks, I'll save money another day",1
SAVE $200 OFF PUFFY,1
This offer is only VALID if you add to cart now!,1
Tweet Share Pin It Add Email,0
only 2 left!,1
Arrow,0
First name *,0
Please add products to see your site in action,0
Tapestry Guide,0
"We will also send you an additional email confirming your renewal. Should you elect not to renew your Membership, you may cancel at any time prior to the renewal by emailing us at passportmembership@1800flowers.com and your credit/debit card on file with us will not be charged. A confirmation email will be sent to you. If you email to cancel after your Membership has been renewed, your credit/debit card will have been charged the then current paid annual membership fee for the Passport Program, however you may request, and 1-800-Flowers may grant, a pro-rata refund within its sole discretion based upon the extent that you may have utilized the benefits of the Passport Program and the period of time remaining on your paid Membership.",1
Your cart is reserved for 14:57 minutes!,1
Hydration,0
Glow Gear,0
Only 1 Left in Stock!,1
5 LEFT,1
This chart should be used as a guide only. Due to each manufacturer’s size scale inconsistencies may occur.,0
2 left,1
105 pawrents are buying for their furkids now!,1
Articles: Medical Matters,0
Want to add one of these?,1
We use cookies to give you the best experience possible. No personal information is stored. Using this website means that you are ok with this cookie policy.,0
Used Rifles,0
CPUs & Processors,0
Child Safety,0
Photography Projector,0
This is how you can reject or delete your cookies,0
"No, I'd rather do it the hard way...",1
End Tables,0
Use a clean vase and clean water.,0
LOW IN STOCK!! GET YOURS NOW,1
308 viewed per day,1
BMW Remotes,0
9 people are currently viewing this product,1
"2,221 people have purchased this item",1
Today's sale ends in: 00hours:57min:19sec,1
Green Tea is made up of properties that have been known to increase caloric expenditure as well as the metabolism of fat,0
"Ida in Tangerang Selatan, Indonesia purchased Iseya VG10 G-Series 33 layer Damascus Japanese Chef's Santoku Knife , 180mm about 1 hour ago",1
Boys Green School Uniforms,0
ONLY A FEW LEFT IN STOCK,1
Other Promotions,0
"No thank you, I prefer to pay full price",1
Limited quantity remaining,1
00 Days 02 Hrs 26 Mins 12 Sec Sale Ends Once The Timer Hits Zero!,1
Know exactly what’s going on at home and be alerted of emergencies in real time.,0
Limited Time Promo $194.00,1
ALL SALE,0
View All Homeware,0
3 other people are currently viewing this item.,1
"Israël in Metz, France purchased a More ADVANCED Chord Substitutions",1
"No, thanks, I´d rather pay more",1
"No thanks, I want to pay full price",1
1 LEFT IN THIS SIZE,1
Men's Sports Bottoms,0
Only 11 Left In Stock,1
Anaheim DucksArizona CoyotesCalgary FlamesChicago BlackhawksColorado AvalancheDallas StarsEdmonton OilersLos Angeles KingsMinnesota Wild,0
*Only 2 left in stock. Don't miss out!,1
High Arches,0
"Clothes, Shoes & Accessories",0
sales@ecklers.net,0
10 Left,1
"No Thanks, I Don't Want To Save",1
POPULAR 64 others checked this out in the last few hours.,1
"No, I don't feel lucky.",1
to read up about,0
SAA Oil & Acrylic Brushes,0
Point & Shoots,0
Just BEE Queen,0
Competitor Price: $172.00,1
activate within 10:00,1
ONLY 2 LEFT,1
8 customers have bought today,1
I've recommended The Keeper of Lost Things to everyone.,0
about us,0
Men's Apparel Collection,0
Stone Cold Steve Austin,0
"Hurry, only 6 left in stock!",1
Stay Connected,0
Free Shipping On Orders Over $49* - Limited Time Only,1
Plastic,0
Learn More,0
By Brand All Men's Brands,0
"NO THANKS, I DON’T MIND MISSING OUT",1
Only 3 left in stock.,1
- +,0
Blankets Throws,0
Less than 10 left!,1
Great for keeping track of your pup while at work,0
Only 3 left,1
Choose Type of Cookies You Accept Using,0
How White Cloud Prevents E-Cig Sales to Minors Read More ➞,0
jennifer just bought Rainbow Moonstone Healing Heartabout 6 hours ago,1
"to resolve the issue, or",0
Favored By: 400 people!,1
Wife,0
ROAD CLOTHING,0
Patient Transfer Devices,0
"Long Dress Style Beach Cover Up With Lace Detail Jessica in Metairie, United States",1
New Arrivals,0
Mobile Terms of Use,0
Jewelry and Watches,0
70% offers claimed. Hurry up!,1
Shop All,0
Elegant A Line Chiffon V-neck Long Sleeve Bridesmaid Dress with Pleats and Ruching,0
Exotic Bird Food,0
LIMITED TIME ONLY: FREE SHIPPING TO SELECT COUNTRIES ON ORDERS OVER $100!,1
Log in / Create an account,0
35% OFF EVERYTHING* EXCL SALE & BEAUTY ENTER: DOLL35 - HURRY! ENDS IN 16H 59M 06S,1
I'D RATHER PAY FULL PRICE,1
Only 2 left.,1
Partnerships,0
"By clicking “Accept All Cookies”, you agree to the storing of cookies on your device to enhance site navigation, analyze site usage, and assist in our marketing efforts.",0
"Joe M from , Bought a Cartoon Caterpillar Rigged 3D Model Recently",1
"CANCELLATION POLICY: If you are not completely satisfied with Yogi Surprise, you can cancel your membership and discontinue your monthly payments at any time. In order to cancel before you are renewed for the next shipment, you need to contact Yogi Surprise prior to the renewal date on the 14th of each month. Email: support@yogisurprise.com and we’ll respond promptly. If your membership has already renewed and you’d like to cancel an upcoming shipment, you must request cancellation by the 3rd of the month to be eligible for a refund. IF YOU DO NOT CANCEL PRIOR TO THE THIRD DAY OF A CALENDAR MONTH, YOU CANNOT BE REFUNDED FOR THAT MONTH’S SHIPMENT. WE DO NOT OFFER REFUNDS ON BOXES THAT HAVE ALREADY BEEN SHIPPED. To request cancellation, simply click here and submit the contact form or email us: support@yogisurprise.com. We’ll get back to promptly!",1
The requested page could not be found,0
cm in,0
Subscribe & Save,1
BROKEN REMOTE? FIX IT YOURSELF AND SAVE HUGE,0
Last purchase was 18 minutes ago by someone from Dublin,1
Felizer Designer Diamond studded Round Dial Metal starp watch for Women & Girls - Silver (Heart design) Analog,0
If I emailed you how much I love each jersey you’d have an essay coming your way!,0
Nighty For Honeymoon,0
Hair type: Wavy,0
Only 2 left,1
Frequently Asked Questions,0
Immunity & Well BeingLean Muscle MassWeight LossBulk GainStress & Relaxation,0
Lack Of Color,0
"mark in richmond hill, United States purchased a Fugoo Tough 11 minutes ago",1
Low Stock Only 2 left,1
Laundry & Cleaning,0
"Your company account is blocked and you cannot place orders. If you have questions, please contact your company administrator.",0
Aids mental processing†,0
Trending now! Added to basket 490 times today,1
Only 5 Left,1
"No thanks, I don’t want to save",1
00DAYS02HRS14MINS1211SEC,1
Clear filter,0
Fashion Short Sleeve Crew Neck Print Dress,0
Clinical Studies,0
LOW STOCK: Only 1 left.,1
6 people have looked at this in the last few hrs.,1
Give a Gift,0
"No thanks, I'm not interested in saving money.",1
Our Story,0
Kick those cravings,0
"Hurry, Only a few left!",1
Activate within 0:30:00,1
"This product can expose you to chemicals including Hexavalent which is known to the State of California to cause cancer on birth defects or other reproductive harm. For more information, visit",0
Recent searches,0
"3,081 people have viewed this item",1
(Only 1 left!),1
"1,142 people have added to cart recently",1
Lace Front African American Wigs,0
Only 2 stock available,1
Tretorn,0
I'd rather pay full price,1
Availability: Only 4 Left!,1
Selling Fast,1
Celebrity Synthetic Wigs,0
ONLY 14 LEFT AT THIS PRICE,1
I wish to Start Shopping but I don't want to receive daily email alerts about your amazing discounts on luxury brands.,1
"No thanks, I want to pay the full price.",1
New in,0
Sale By Category,0
HURRY! ENDS IN: 11 HRS 20 MIN 13 SEC,1
ONLY 52 items left in stock!,1
117 people have viewed this item in the last 7 days.,1
Christmas Craft Ideas,0
Boardshorts,0
"Matthew in Charleston, South Carolina just purchased The Puffy Lux Mattress",1
Only 15 left in stock,1
Only 11 left!,1
Brushes + Tools,0
EVO SP All EVO SP parts and accessories,0
THE SET INCLUDES:,0
Mixing & Measuring,0
Delivery & support,0
Kimberly R.,0
I don't feel lucky,1
Ducted Vacuum Cleaners,0
"Michael M. from Lacey, WA just bought a Cal King",1
"No Thanks, I'd rather pay full price",1
Select Your Year,0
Limited Time Only · Online Only,1
02:06:40 left to buy,1
Arthritis Aids,0
No thanks. I prefer paying full price.,1
Only 1 left in stock! Get in quick!,1
Circa Punches,0
Only 2 left in stock. Make it yours.,1
25% OFF SELECTED JACKETS Limited Time,1
Your order is reserved for 08:53 minutes!,1
JFN V Neck Lace Cut-Out Basic T-Shirt/Tee,0
Someone in Red Cliffs bought a RHK Yamaha YZ/YZF/WRF 99-16 Blue Pursuit Footpegs 3 minutes ago,1
FREE SHIPPING FOR A LIMITED TIME | PRICES ARE IN USD AND INCLUDE ALL IMPORT DUTIES.,1
Don’t worry. We’ve got your back.,0
"803 Claimed! Hurry, only a few left!",1
Active Filters English (United States) English (United States) ✘ Remove Filter,0
"No thanks, I don't like getting free stuff.",1
PG Picks: Skin Care for Incontinence,0
Camo Shirts & T Shirts,0
Welcome To Hotter us,0
New In Special Occasion,0
Only 2 left in stock,1
HIGH DEMAND,1
"If you are one of those constantly devoted to healthy eating, weight loss plans,..",0
Fun Treat Tossing,0
Related Categories,0
BE QUICK 00:57:33 DON'T MISS OUT,1
TRE by Natalie Ratabesi,0
Last 1 in stock,1
User interface customization persistent cookies are used to store a user’s preference regarding a service. Please note that these cookies are exempt from consent.,0
PomeloFashion born in AsiaOn trend. Online. On the go.,0
Explore The NRA Universe Of Websites,0
"Free Upgrade, Limited Time!\n*DISH Install Not Available*",1
My Reviews,0
LIMITED TIME OFFER!,1
My AccountSign-in to your account,0
Exterior Accessories,0
James from Colonia purchased a,1
Report a Fake Product,0
Someone in United States just purchased a,1
Infrared Night Vision,0
Someone in Louisville Kentucky United States Purchased Gold Presidential Bracelet With Watch Buckle 9 hours ago,1
"Hurry, only 302 left.",1
Choosing the Best Plus Size Briefs,0
"Jeremy in Stockton, United States purchased a",1
How/why the homepage uses cookies,0
Only 3 pieces in stock!,1
Mountboard,0
Crossman Air Pistols,0
Great choice!,0
Ericdress Summer Patchwork Polyester Long Women's Tank Top,0
21 people looked at this during the last 24 hours,1
Limited Time Sale - Buy Now!,1
"No USB or Y-Adapter!? Our USB Sound Card is highly recommended for PC (Mac/Linux/Windows) and works with current gen consoles. The Y adapter is recommended for console gaming, phone, or other TRRS jacks.",1
Only one left in stock - order soon!,1
No thanks. I'd rather pay full price.,1
Shop Sale by Print,0
A customer service specialist will contact you soon.,0
Currently 8 left in stock.,1
"If your JR Plus membership has renewed automatically, you have seven (7) days after payment is taken to cancel your annual membership. You must contact Customer Service at (888) 574-3576 within this window and not have made any eligible purchase using the JR Plus service. You will then be provided with a full refund of your membership fee for the renewal year and the JR Plus service will be cancelled from your account. If you cancel during any renewal year after the seven (7) day window expires, you are not entitled to any refund of the renewal fee, even if you have not made any eligible purchase during the renewal term.",1
Other Snacks,0
Country (Optional),0
I am very pleased with the service I received.,0
This item is in high demand.,1
adidas Originals Stan Smith,0
Food,0
20 units left,1
QUANTITY: *ONLY 1 LEFT,1
FANSTASTIC DEALS,1
"NO THANKS, I DON'T WANT 20% OFF MY ORDER",1
Want a special deal? Bundle and SAVE UPTO30%,1
newsletter signup (privacy policy),0
Hurry! Only 1 left in stock,1
JFN Ladies Flat Embroidered Slip-On Dirty Shoes Vintage Thong Sandals,0
View your order history,0
View All Parts,0
Boys Shorts,0
Your Cart Will Expire In 09:58 minutes!Please note that these items may not be available again if you release them.,1
"Someone in DOVER, United States just bought Crew 15 mins ago",1
41 people have looked at this in the last couple of hours,1
Lifestyle / Music,0
Newborn & InfantYouthAdjustableFlexSnapbacksSale Items- View All -,0
Redirecting to Futech Deals for secure checkout...,0
We may also disclose your information to third parties who may contact you with details of other products and services which may be of interest. If you do not want your name and mailing details made available in this way please email opt-out@nextdirect.com,1
How Do Our Crystals Looks in Real Life?,0
Your order is reserved for 09:14 minutes!,1
Items in your cart are selling fast,1
"Dog Collars, Leads & Tethers",0
Eyelashes,0
"UP TO 60% OFF SPRING SALE PLUS 10% OFF ALL SHOWERS ENTER CODE SHOWERS10 AT CHECKOUT, MUST END TUESDAY 02DAYS : 04HOURS : 13MINS : 28SECS",1
Excellent service all round,0
"Gorgeous, lasting high-quality hair color—crafted in Italy.",0
New Vintage Stylish Belt Watch - Women,0
Short,0
Women's Sandals,0
Summer V Neck Solid Color Short Sleeve Waffle T-Shirt,0
19 people have viewed this item,1
Most-Hearted Styles Shop Now,0
"For instance, we use cookies allowing us to remember information provided by the users from a page to another, choices made by users and information provided by users (name, language preference, country of residence…). In particular, we use the following functional cookies:",0
"Only 3 left , In Stock",1
Clocks,0
"Jumpers, Shirts & T-Shirts",0
"In Stock, Only 1 Left!",1
"An item you ordered is in high demand. No worries, we have reserved your order.",1
"Members may cancel their Membership at any time during their Membership term and receive a full refund, less any benefits/savings received in their current Membership term (for example, Buyer’s Club Discounts received or free shipping). Refunds for completed years completed will not be made, even if the Member did not use any of the benefits during the Membership term. To cancel your membership, please contact our customer service department by contacting us at 1-800-375-3006.",1
"No thanks, I don't like discounts",1
Baby & Toddler Toys,0
Trousers & Chinos,0
Email Address*,0
"Mystic Topaz: Rings, Earrings, Necklaces and Bracelets",0
You can change your preference here Shop for Select an age,0
Would you like to purchase an Extended Protection Plan?,1
"Weight Management Shakes help cut cals, control appetite, and drop LBS.* Learn more about Weight Management Shakes.",0
Hurry Up ! Just 2 Items Left in stock,1
ONLY 1 WATCH LEFT,1
Primary Arms Scopes,0
Other Items On Special Offer:,1
All Brands A-Z,0
Holland Cooper,0
現代奴隷法に対する透明性に関する声明 (opens in a new tab),0
Only 5 left in stock,1
Remove selected car filter,0
American Diamond Earrings,0
"No Thanks, I don't like exclusive deals.",1
LightInTheBox 掲載記事,0
"1 left, order now!",1
Digital Device Covers,0
Search Result:Search Results:,0
Optimized Patch System,0
Prices subject to change without notice. Products shown may not be available in our stores.,0
Your order is reserved for 19:57 minutes.,1
take me back to shopping,0
Customers also bought,1
View All Mattress Accessories,0
CAMILLA World,0
Hurry! Only a few of these left,1
"is full of sorrow and joy that weaves the life stories of its characters, exploring relationships, illness and loss * Manchester Weekly News *",0
Jumpers + Sweaters,0
"No Thanks, I like paying full price.",1
"Location: Kansas City, MO",0
Hurry! Only 2 left,1
BACK TO TOP,0
dFresh - Fresh Products,0
4 items left,1
Baby Bathtubs,0
7 people looked at this product in the last 24 hours.,1
Buy Tablets,0
Someone from Norway purchased a Super FG Grater - 12x Faster - 15% OFF,1
I have a strong liking to walnut. Even the sapwood can look very presentable when finished good. Thus cutting board is a great item for use and conversation and looks good.,0
Devices,0
Shop,0
Your order is reserved for 29:52 minutes!,1
"BERNARD in Philadelphia, United States purchased a",1
HURRY! DON'T MISS THIS DEAL! DAYS 0 1 HRS 1 2 MINS 3 1 SECONDS,1
3Days01:49:51 Left,1
Email Address,0
"No thanks, I'd rather pay more",1
M-Class Remotes,0
"Healing Crystals are natural beings just like the trees, mountain or flowers. The result of diverse chemical reactions inside the earth over a millennium, gemstones are a true wonder of nature. When you touch a healing crystal, there is a transfer of heat and energy that leads to activation of chakra points. These therapeutic powers noticed in the presence of gemstones are the reason they are called healing crystals. With some crystals as old as the earth, there is immense wisdom in crystal use.",0
"Tyler in Norwalk, United States purchased a",1
Awntech New Yorker Window/Entry Slope Awnin ...,0
Only 25 Deals left,1
Delivery & Returns,0
Trending now! Added to basket 38 times today,1
Joybird Design House,0
"Kamal in Lathrop, United States purchased a Father Sons Super Slim Stretch Feather Print Long Sleeve - FS429 4 hours ago",1
KidsAuthentic,0
"Marc in Newton, United States purchasedKTM Stand Plate Large KTM...",1
Hurry! Less than 10 left!,1
View All New Arrivals,0
1 in stock,1
No thanks. I don't like free things...,1
"Keyboard Navigation Profile (Motor-Impaired): this profile enables motor-impaired persons to operate the website using the keyboard Tab, Shift+Tab, and the Enter keys. Users can also use shortcuts such as “M” (menus), “H” (headings), “F” (forms), “B” (buttons), and “G” (graphics) to jump to specific elements.",0
Covered all grays,0
Card Storage,0
Pay With:,0
"No Thanks, I rather pay full price",1
"No Thanks, I'll let this offer sail away",1
Let's make sure you have everything else you need,1
"When you join the PetPlus Plan, you are given the option to purchase your membership on an annual or monthly basis and you are automatically enrolled in our recurring billing program. You may cancel at any time by contacting our customer service team, but you will not be refunded for any unused days on your membership if you choose to cancel prior to the end of your billing cycle. You may cancel your PetPlus membership at any time without penalty if you have not utilized any of your PetPlus benefits (including discounts on products and/or services). For customers charged on a monthly basis, if you have purchased products or used services using your PetPlus benefits, we will charge a $25 administrative fee per membership cancellation if the membership is cancelled within three months of enrollment.",1
"THE COMPETITION $1,299.99",1
Brass Shankh,0
Only 16531 items left in stock!,1
161 people have viewed this item,1
Purchased 6 times this week.,1
ADD WORLD'S MOST COMFORTABLE CHAIRS,1
"SALE ENDS IN 19 DAYS, 9 HOURS, 50 MINUTES, 54 SECONDS",1
Flat Iron,0
Influencer Program,0
Only 4 left in stock,1
3DAYS124606,1
"Someone in Vancouver, Washington purchased a Orthofeet Men's Orthotic Insoles about 38 minutes",1
SRX Remotes,0
"Bobby in Decatur, United States just purchased",1
• Recommended to be used with Downy for better long lasting freshness,0
Your order has been reserved for,1
Wallets,0
Hurry! Only 15 left!,1
You can feel confident that your new box each month is helping you celebrate pregnancy and protect your bump!,0
LESS THAN 8 LEFT IN STOCK!,1
Cosmic Rainbow,0
23 People viewing this product,1
"894 Claimed! Hurry, only a few left!",1
Expand My eBay,0
Limited quantity available,1
Warne Mounts,0
Wish Your Loved Ones Instantly with Ferns N Petals International Services,0
137 users are currently active on our website,1
These cookies are usually set by our marketing and advertising partners. They may be used by them to build a profile of your interest and later show you relevant ads. If you do not allow these cookies you will not experience targeted ads for your interests.,0
"""We'd love to send you emails with offers and new products from New Balance Athletics, Inc. but if you do not wish to receive these updates, please tick this box.",1
FOR THE ULTIMATE EXPERIENCE: (Can select more than one),1
83% offers claimed. Hurry up!,1
Product Feature,0
No thanks. I don’t want deals.,1
"[NO THANKS, I'LL JUST WALK]",1
LIMITED TIME ONLY *on select models,1
"EastwoodModern, sleek and enchanting, the Eastwood Collection provides comfortable seating while still looking mid-century magnificent.",0
Need a Hand?,0
How Do I Rinse Off My Overnight Hair Oil Treatment?,0
Yaris Remotes,0
For Wife,0
Buy Wearables»,0
Hurry up! 22 people other than you have this product in their cart,1
6 items left! Order soon.,1
Only 8 items left in stock!,1
DON'T LET 'EM GET AWAY Several people have recently viewed this item.,1
Rs INR,0
Boxster Remotes,0
Hugs and Kisses Rose Bouquet $44.99 Discount -$6.75 Delivery $13.99 Tax $3.46 Item Total $55.69,1
"An item you ordered is in high demand. No worries, we have prioritized your order.",1
Muc-Off,0
Mechanic's Wear,0
Riding Culture Neue Lifestyle-Marke bei motoin,0
Supply & Demand,0
"Rs 4,013 (Retail Discount) + Rs 2,997 (Limited Time Coupon)",1
2 in stock,1
5 in stock,1
4 people are looking at this right now.,1
only 5 left in stock,1
All Birthday Gifts,0
LIMITED TIME: $10 OFF! DISCOUNT REFLECTED IN PRICE!,1
Only 26 Left,1
ONLY 4 LEFT!,1
Availability: Only 1 Left,1
Warning: Last items in stock!,1
Looking for your order history?,0
YOUR CART IS ELIGIBLE FOR AN ADDITIONAL 10% OFF Including Current Promotions + Sale & Clearance 00 hours :29 minutes :26 seconds CHECK OUT NOW,1
"well, this is awkward.",0
Eye Protection,0
Kyanite Beads,0
"ONLY $1.99 FOR YOUR FIRST SIX MONTHS, THEN EACH YEAR YOUR MEMBERSHIP WILL AUTOMATICALLY RENEW FOR $39.99 AND BE CHARGED TO YOUR CREDIT/DEBIT CARD ON FILE. CANCEL YOUR VIP MEMBERSHIP ANY TIME TO RECEIVE A PRORATED REFUND BY CALLING (800) 543-7309. BY SUBMITTING YOUR ORDER, YOU AGREE TO THESE VIP MEMBERSHIP TERMS.",1
Bar Stools,0
Call It Spring,0
Currently less than 10 available,1
4 days 05:46:20,1
Specialist Tools,0
Hayden near Princeton just bought!!!: CBD VEGAN GUMMIES,1
Compare at,1
Price Low To High,0
sales@scandinavianoutdoor.com,0
"Debby in Harpers Ferry, United States just bought: Icing Pen Decorating Tool",1
4 sold in last 5 hours,1
Beach Towels & Mats,0
Sale Ends in 5 days 14 hours 42 mins 53 sec,1
We only have 8.0000 left in Stock,1
Hurry! Only Limited Items Left,1
Institute for Legislative Action,0
"Nah, I like paying full price",1
"No Thanks, I don't want official software at the best price.",1
Women's Summer New Clerk Large Size Loose Cotton And Linen Blouse,0
339 users are currently active on our website,1
Plus Size Graphic Tops,0
Elegant A Line Short Sleeve Satin Bateau Floor-length Mother of the Bride Dress with Ribbon,0
61 people have already bought that product today with 50% discount,1
Taxes and shipping will be estimated at checkout.,0
Estimated VAT overview,0
Lasers,0
Womens Platform Shoes,0
AboutOur StoryOur MissionOur ProductsIn the News,0
Special sale ends in,1
Hurry up! Only 4 left in stock,1
Colored Contact Lenses,0
5 left,1
99 people are looking at this right now,1
3 left,1
Synthesis XCT Alloy Front Wheel,0
"no thanks, I like paying full price",1
"Mother’s Day is undoubtedly a significant occasion for all mothers. But, for the new moms, it is even more special. If you........... Read More...",0
1 left in stock,1
Limited stock Only 2 left,1
Choose your payment day. View your schedule and select pay now.,0
LAST CHANCE TO ACTIVATE 10% OFF,1
Last Shape Guide,0
Hurry! Only 6 left in stock.,1
Only 5 left,1
Cheaney,0
Delivery & Offers Terms,0
94% offers claimed. Hurry up!,1
715 people have added this item to cart,1
Add on something to make it extra special!,1
"no thanks, I don't like to save",1
V-neck Casual Loose Embroidered Short Sleeve Blouse,0
Toddler Boy Underwear and Undershirts,0
994 items sold this hour.,1
Optics and Mounts,0
Here to help,0
52 people are looking at this right now.,1
Not sold separately,0
Cracked Nipples,0
WWE New Arrivals,0
OFFER ENDS 00:54:59,1
No thanks! I don't like deals,1
Did you know that Shaver heads need replacing every 12 - 18 months? Get the Shaver Guard cleaning spray to extend its life for up to another 6 months!,1
3 people are looking at this item right now,1
"For a limited time, buy 2 Hydroxycut Hardcore Elite, 30 Servings for $30!",1
"For more information about the VIP Rewards Club Membership, to purchase or terminate a membership, or to start or stop automatic renewal of a membership, contact Ross-Simons Customer Service by postal mail at: Ross-Simons, 9 Ross-Simons Drive, Cranston, Rhode Island 02920; or by email at customerservice@ross-simons.com; or by calling the VIP Rewards Club priority line at 800-835-3799.",1
Only 20 left,1
Summer Casual Printed Short Sleeve T-Shirt,0
Shop all interactive whiteboards,0
Low Stock! Only 3 left.,1
"NO THANKS, I DON'T WANT TO SAVE",1
Only 3 left.,1
"Available, only 2 left",1
Popular Item! 🔥 16 people are viewing this and 18 recently purchased it.,1
Collin P. from Grandview Missouri just bought BURGUNDY TWO BUTTON SUIT ABOUT 5 SECONDS AGO,1
AccessoriesCar AccessoriesDressesFootwearHome & OfficeJacketsLawn & OutdoorsPantsPolosShirts & SweatersShortsSleepwear & UnderwearSwim CollectionTailgatingSale Items- View All -,0
64 users bought this product Touch: The Set - Touch XL & TouchUp Makeup Mirror Bundle,1
Baby Cross Stitch & Embroidery Patterns,0
Low Stock Alert: Only 8 left in inventory,1
"For any other inquiries, Click here",0
Items in your cart are in VERY high-demand.,1
LIMITED TIME DEAL!,1
Lens Manual Washer,0
LIMITED OFFER: $125 Off + 2 Free Pillows,1
Deal expires in: 03 hrs 25 mins 22 sec,1
Intercoastal Performance Pant - True Navy,0
Returns Information,0
2 PEOPLE HAVE ADDED THIS ITEM TO THEIR CART TODAY,1
Site Wide Savings for the Entire Family! Pricing is off Rogan's Shoes every day Low Prices! Prices are already reflected on the site. Limited time only! Restrictions apply. Online Only.,1
ONLY 12.5M LEFT IN STOCK!,1
LAST CHANCE TO SAVE... enter your email to Save 20% on your first order 00 hours :29 minutes :43 seconds,1
"Metal - Brass , hollow from inside",0
"Ketolent subscriptions have no long term contracts. Pause, cancel, or change at any time. Want to swap Vanilla for Chocolate, or set up to renew every 3 weeks? No problem! Send us an email to help@ketolent.com and we'll make the change for you.",1
Romantic Ball Gown Tulle Spaghetti Sleeveless Tier Flower Dirl Dress,0
Your cart is reserved for 14:05 minutes!,1
No thanks - I don't want to save money,1
VIP Points!,0
ONLY 5 LEFT IN STOCK!,1
"Someone in Kilwinning, United Kingdom just bought Cuban Link Chain Bracelet",1
Only 2 left!,1
ONLY A FEW LEFT!,1
"No Thanks, I Prefer Paying Full Price",1
ONLY 1 LEFT IN THIS SIZE,1
I'll Shop Without A Discount,1
1 LEFT,1
"HURRY, ONLY 1 LEFT!",1
ONLY 3 LEFT IN STOCK.,1
Sale ending in 0 days 04 hours 12 minutes 10 seconds,1
This product was viewed 26 seconds ago by someone from Princeton,1
The page you were looking for doesn't exist.,0
Feedback,0
MIN Twins,0
In Stock - Limited Quantity,1
Shop All Men's Boots,0
Coffee,0
Home / Black Tapered Belted Cigarette Trousers - Myasia,0
4 bought in the last 24 hours.,1
Amethyst Beads,0
"Jeremy in Warroad, United States purchased a",1
Cropped Jeans,0
"NO, THANKS. I DON'T LIKE DISCOUNTS",1
227 Bought Already,1
NRA Annual Meetings & Exhibits,0
Reloading & Ammunition,0
We only have 5 left!,1
Media Players,0
Midleton Very Rare,0
Add to Your Gift and We'll Ship it For Free!,1
1 day 08:15:25,1
"No thanks, I don't like free stuff",1
Only 34 Left!,1
Only 5 left!,1
Long African American Wigs,0
eWriters & Graphics Tablets,0
Spin to unlock your mystery offer,1
Someone in Canberra purchased\nADV.2 (Austracantha) about 41 minutes ago,1
We guarantee to match a lower online price.,0
Someone in Castle Hill bought a Philips Essential LED Downlight Kit | 5W 4000K few hours ago.,1
Household,0
320 items left,1
9 sold in last 4 hours,1
In Stock (8) Left,1
"Products are automatically delivered on your schedule. No obligation, modify or cancel your subscription anytime.",0
Cases for Magsafe Refine by Product Type: Cases for Magsafe,0
Shop Plus Shorts by Pattern,0
HHR remotes,0
57 PEOPLE HAVE LOOKED AT THIS TODAY,1
You may cancel your membership at any time by calling us at at 855-861-2573 (6:00AM – 5:00PM PST) or by emailing support@luckytacklebox.com. California residents may also cancel your subscription by accessing your Account through the Site.,1
MyStore,0
only 1 in stock,1
*Freight/Higher Freight charges may apply to some areas. Click here to view Shipping Policy,0
Offer ends in 9hrs 55min 29sec!,1
Upright Plants,0
Only 4 items left in stock.,1
Lenscap: Damage Only,1
"Someone from Rochedale, Queensland, Australia started buying this!",1
NFL Enterprises LLC. All Rights Reserved.,0
Recent Searches,0
"No thanks, I prefer to pay full price.",1
Join the Team,0
5 items left,1
Interactive Tent Finder,0
Anniversary Gifts,0
"Gift TypeFlowers, Cakes, Plants, etc.",0
Baby Nursing & Feeding,0
ONLY A FEW LEFT,1
Added to Favorites,0
Only 9 left,1
LIVE REMAINING STOCK,1
Universal Fit Collapsible Smart Phone Stand,0
Brown Dresses,0
DAYS HRS MINS SECS,1
CHF,0
3642 BOUGHT,1
Entertainment Centers & TV Stands,0
Limited time offer,1
"JULIE in Oak Brook, United States purchased a Watercolor Brush Pens 24 Refillable Colors with Travel Case about 10 hours ago",1
40% OFF EVERYTHING* ENTER: 40PLT + FREE SHIPPING OVER $80 HURRY! LIMITED TIME ONLY,1
Customer Feedback,0
Free Shipping*,0
RegionBracket Right,0
Security Cameras,0
"No Thanks, I don't like free stuff.",1
Livefood Subscription,0
40 users are currently active on our website just now.,1
"No thanks, I don't like FREE stuff.",1
Your order is reserved for 09:56 minutes!,1
PopTop Refine by Product Type: PopTop,0
5338 people viewed this in the last hour,1
MORE WAYS TO SHOP,0
V-neck Casual Loose Vintage Print Short Sleeve T-shirt,0
Low in stock,1
How to Recycle,0
74% offers claimed. Hurry up!,1
Browse by A-Z,0
IN 43 PEOPLE'S SHOPPING BAG,1
from France,0
Tree Frog Terrariums,0
SUPPORT THE AMERICAN SUPRESSOR ASSOCIATION,1
Earn FanCash on all purchases!,0
Payment Methods,0
Thank you for posting a question!,0
"Monira in Doha, Qatar purchased a LilyVanity™ Velvet Box",1
Only 13 left!,1
Homeware Trends,0
Netherlands Antilles USD,0
History Of The NRA,0
Low In Stock Today,1
Indoor Festive Lights,0
31 people seeing this product right now,1
LAYAWAY SALE WE WILL MATCH YOUR INITIAL PAYMENT. LIMITED TIME ONLY,1
"No thanks, I like full price",1
JUST 1 LEFT!,1
What is a cookie?,0
"No, I'll rather pay full price.",1
Concrete Tools,0
Chair Accessories,0
Compare Products,0
"HURRY, THERE ARE ONLY 9 ITEM(S) LEFT!",1
Only 1 piece left.,1
Zero Gravity Lift Chairs,0
Highlight Hover,0
Out of Stock!,0
Air Purifying Plants,0
Deal Ends In 2 : DAYS13 : HRS10 : MIN24 SEC,1
White Camo Windbreaker - Rock N' Roll,0
HURRY! 3 left in stock!,1
Hurry up! Sales Ends in DAYS HRS MINS SECS by Beeketing,1
Limited stock!,1
Only 7 left in stock!,1
Heat Mats & Strips,0
"Great prices, professional customer services",0
Round Boards,0
Tribeca Remotes,0
Free Shipping & Easy Returns always!,0
Download mobile app,0
Only 4 left In Stock,1
Only 4 left!,1
ADD FOR BETTER RESULTS,1
Only a few left!,1
I accept the Terms & Conditions of the FREE Brother Care Program and agree to receive exclusive offers and general promotions from Brother. I may withdraw my consent at any time.,1
FREE SHIPPING // FOR A LIMITED TIME ONLY,1
Shopping with JD,0
Get 20% off Sample Doors! ×Offer Ends In 58 : 29 Use Promo Code sample20off,1
Brand: NFL Pro Line by Fanatics Branded,0
Shop All Vape Kits,0
Hurry !! Only 52 left in stock,1
"Like many websites, we share certain information, such as your IP address, device ID or similar online identifier, with certain third parties, such as social networks and advertising networks. This information is used to personalize advertising you see after you’ve visited our website. The California Consumer Privacy Act (“CCPA”) considers our sharing of that information in this manner to be a “sale.”For more information about the First and Third Party Cookies used please follow this link.",0
Tube Tops,0
Last chance! Only 1 left,1
"Household Cleaning Kitchen Bathroom Eco Laundry General Cleaning Kitchenware Cook & Bakeware Food Storage & Preservation Kitchen Textiles Appliances Kitchen Appliances Household Appliances Bed, Bath & Living",0
"LIMITED TIME - BUY THE NEW PURPLE PLUSH PILLOW, GET ONE FREE",1
HURRY! ONLY 1 IN STOCK!,1
Toddler Girl Jumpsuits and Rompers,0
Tidal Waves Collection,0
72% offers claimed. Hurry up!,1
Limited Time Remaining!,1
"Subscribing means you agree to receive our emails, more details please refer to ourprivacy policy.",0
Latest looks from Myleene Klass Shop now,0
"If you wish to cancel a membership, please contact our Customer Services Department on UK: +44 808 164 8264 (standard local call charges will apply) or via email on customer.service@beautypie.com. You can also contact the Customer Services Department by post at: Beauty Pie Limited, Customer Service Department, The Point, 210 New Kings Road, London SW6 5NZ, United Kingdom. Please quote your order number in all correspondence.",1
Chargers,0
LIMITED TIME BLOW OUT SALE UP TO 70% OFF! 110% BEST PRICE GUARANTEE!,1
Only 4 unit(s) available!,1
read you will want to read -- Five Book Group Favourites * Sunday Post *,0
"JOHN in Toowoomba City, Australia purchased a Resin Tank 7 hours ago",1
Sale Coats and Jackets,0
Someone in Spain purchased,1
Gemstone softwares,0
Accord remotes,0
"Denise in Saluda, Virginia bought Terani Couture - 1911E9095 Embroidered Asymmetric Neck Mermaid Gown",1
Hair Tools,0
Limited Stock,1
Mens Footwear,0
The product you requested is not available in the selected country,0
Set SALE Into Summer,0
104 people viewed this product recently!,1
Nectar,0
Color Yellow Smoke Blue Pink Orange,0
Down Jackets,0
Only 498 left,1
ONLY 1 LEFT!,1
"Hurry, only 5 left",1
powered by: Cookie Information,0
Transmission and Driveline,0
Women's Go-Tos,0
"Port, Sherry & Sweet Wine",0
Spring Sale Extended,1
"tuvia eisenberg Systematics in Tel Aviv, Israel purchased a",1
Computer Accessories,0
Worldwide,0
"Sudha rana from Jaipur bought this product, 23 Mins ago.",1
"Nancy in Pennsylvania purchased 24"" Italian Sterling Silver Milano Twist Adjustable Chain",1
Only 82 left in stock!,1
Terrarium Light Canopies,0
View all Ink categories,0
Space Heaters & Workshop Heaters,0
* Limited Time Offer *\nFREE\nTLPWR1 Test Leads!,1
"No thanks, I dont want a discount",1
"To add to Wishlist, please register or sign in.",0
Cooper Remotes,0
limited availability at this price!,1
Menu Search,0
00DAYS00HOURS14MINUTES21SECONDS,1
Retro Cordless Edison Bulb Lamp,0
"Sierra in Cypress, California bought Beauty In All Dress, Dusty Blue about 46 minutes ago",1
Only 1 left in stock!,1
Brand case & cloth included,0
iPhones,0
3 people are looking at this product,1
Cable Winders,0
Occasion: Anniversary,0
33 sold in last 12 hours.,1
Sustainably made,0
"Hurry, Only 4 Left In Stock. Buy Now!",1
"Laurie in Urraween, Queensland bought No Brainer USB Charging Anti-Theft Backpack",1
Gift Wrapping Supplies,0
Enable cookies to use the shopping cart,0
"Someone in Culgoa, Australia purchased Savelli Epic Mens Comfortable Leather Lace Up Boots Made In Brazil",1
Only 2 units left!,1
Menstrual Products,0
Hair treatments,0
"Hurry, this style is selling fast!",1
Last one available,1
Be the first to get updates as well as access to exclusive offers and promotions,0
Back by Demand,0
"Nah, I'll pay full price",1
LIMITED TIME ONLY!,1
Laundry Care,0
273 units sold in the last 30 days,1
Colors,0
Flat Top,0
"LIMITED TIME OFFER 10% OFF - ENTER CODE \""CASES\"" AT CHECKOUT",1
Recommended,0
"Ken in Oakland, United States purchased a Dreamville Hoodie a month ago",1
I Don't Like to Save Money,1
Politics And Legislation,0
Only 9 Left!,1
All Licensed,0
Wait! Take 10% off Your First Order Deal Expires Soon!,1
What people are saying about us...,1
No thanks I definitely measured correctly,1
"Customize your phone with hundreds of grips, cases, wallets, and more.",0
Availability: Low Stock,1
7 people have it in their cart,1
"NO, I'D RATHER PAY FULL PRICE",1
Decades Shop,0
"YOU MAY CANCEL YOUR WINE CLUB MEMBERSHIP OR ANY HOLIDAY SHIPMENTS AT ANY TIME BY CONTACTING US AT 1-877-975-9463, AND WE WILL PROMPTLY STOP PROCESSING THE RECURRING PAYMENTS.",1
Limited Time Offer Limited Offer! 15% off on Naomi Home with Coupon 9N03. You pay $63.74,1
Only 1 unit left in stock,1
Someone in Pittsworth bought a Ultimate COLT Anal Training Kit 2 hours ago,1
Terra - Medium Brown,0
2 people are looking at this listing now,1
"ONLY 5 LEFT, ORDER SOON!",1
Your order is reserved for 09:58 minutes!,1
NEED ADDITIONAL HELP?,0
Only 867 left,1
10 Left in stock,1
Only 1 in stock,1
HOT PRODUCT Over 250 people are looking at this item.,1
33 people are eyeing this item!,1
@elsieandpresley_ got some fantastic color results with our Hair Color Wax. Well done 👏,0
Items will be reserved in your cart for 19:10,1
Necessary Protection..,1
GCC Compliance,0
Nicholas Kirkwood,0
Teething Remedies,0
"Be part of the best family ever & enjoy 15% in VIP Benefits on every order, every day. That's 10% Instant Savings plus 5% back in Rewards Cash on everything. Plus, enjoy 90 days to test run your shoes, socks, and insoles. And so much more! Join today for just $1.99 your first year.",1
"Click here to use our website with more accessibility support, for example screen readers",0
"Don't miss out, only 2 left in stock",1
Only 1 items left,1
"To cancel your order before it ships, call us.",1
Product Tagline,0
Travel Accessories,0
By Doug,0
Status:Only 3 left in stock,1
V-neck Printed Loose Short-sleeved T-shirt,0
Data Processor Privacy Policy: https://cookieinformation.com/cookie-and-privacy-policy,0
31 have it in their cart,1
Dog Whistles & Lanyards,0
"No Thanks, I'll Pay Full Price",1
SHOP TRIATHLON,0
shop by trend,0
Mitre Saws,0
"estiven in Deer Park, United States purchased PreWash™ 4 oz",1
01 Hours 37 Minutes 48 Seconds 1/10s,1
Hurry! Only 2 left in stock!,1
Certified Face Masks,0
Hurry Up! Only 1 Piece Left,1
Cordless Phones For Seniors,0
ONLY 5 LEFT IN STOCK,1
"Looks like your cart is empty, let's fix that!",0
62 people have looked at this item in the last few hours.,1
4 SEATS LEFT,1
Parad Combo Deals,0
3 people bought this item last week.,1
Sweep Train Simple A Line Tulle Wedding Dress with Appliques and Beading,0
Victoria Victoria Beckham,0
(Only 5 Left),1
Best-Selling Products,0
2day 13:49:51 Left,1
Prices shown for delivery to JAPAN Change delivery country,0
"No thanks, I hate cool stuff",1
Don't Know Pincode?,0
Your order is reserved for 09:54 minutes!,1
Plus Size Shirts and Blouses,0
Full HD 144Hz IPS Anti-Glare (1920 x 1080) FREE Upgrade (Limited time offer!),1
Protect Your Gear,1
Someone in Yanchep bought a 52mm Mechanical 'Performance' Boost Gauge - Blue/White 9 seconds ago,1
ON SALE AT $1.99 FOR A LIMITED TIME,1
You have no items in your basket.,0
How about these?,1
Title of Review,0
Low in stock: only 2 left.,1
Gold Refine by Color: Gold,0
"No thanks, I don't like saving money",1
HURRY! ONLY 14 LEFT IN STOCK.,1
"Package RecyclingWe do try when possible to reuse packaging from our own suppliers in order to send purchased items to our customers, we ask if the packaging is still in good condition after you've received your goods then please try to use it again or recycle if not possible.",0
[new-troh-pick],0
Performance Cookies,0
LCD Ribbon Cables,0
View Alternatives,0
Cleaning Brushes & Tools,0
Current Offers,0
Free Embroidery Patterns,0
About Bob's,0
Icon MTB Socks - Black/Green,0
All Girls Clothing,0
Hurry up! Sale Ends in,1
"No Thanks, I prefer paying full price.",1
"Someone in Cedarhurst, United States purchased a Sproet and Sprout Shell/Violet Stripe Bloomers",1
Hurry! Only 4 left in stock.,1
Subscribe,0
Searching...,0
Only 1 left in online stock,1
22 people have looked at this part recently,1
Year of Ours,0
Office Supplies & Decor,0
"Carol in St. Louis, Missouri bought Original USB Charging Anti-Theft Backpack",1
CareersAbout UsAffiliatesPrivacy SettingsAdvertise with usHelpSite map,0
Surgical & Face Masks,0
Sports Bras,0
Only 33 left,1
"Natalie in Graham, United States purchased a FREE BTS Answer Magic Pillow about 1 hour ago",1
Sara from Philadelphia just saved $68 on her order.,1
"Want more inspiration and styling tips? Dive into The Southern Edit, Southern Tide’s lifestyle blog, and follow us on social media.",0
Charity Collection,0
Leslie in USA just Purchased Special Design Exclusive Handmade Silver Ring,1
LIMITED TIME! - Save $5 OFF Orders $70+ Coupon: SAVE5 - PLUS - Free Gift on Orders $125+,1
Wedding Cross Stich & Embroidery Patterns,0
Menthol Flavors,0
"No thanks, I don't like promotions and exclusive content.",1
Submitted by Fermin Larracilla Pérez,0
View all Oil & Acrylic Brushes categories,0
24 people currently interested,1
Pillowcases & Shams,0
Best Deals of the Month: April Edition,0
Hair Bundles With Closure,0
Blue Raspberry,0
Mom & Baby,0
Really good quality contacts and they work well on my eyes. Would definitely order again!!!!,0
Only 1 item left in stock,1
Loading interface...,0
"Email us ASAP (like seriously) at getflat@flattummyco.com and we will do everything we can to update this for you. As soon as you order, we will send you a confirmation email so please check your details carefully.",0
Limited Time!,1
Bob Ross Oil Brushes,0
Only 2 Left In Stock,1
You may cancel your VIP membership at any time by calling 1-866-337-0906 (open 24/7).,1
96 ITEM(S) LEFT IN STOCK!,1
(only 5 left),1
Receive news and updates on new products,0
"No Thanks, I Don't Want a Free Gift",1
Flash Sale - Almost Over! 00 HOURS : 55 1001 MINUTES : 0550 8778 SECONDS,1
Kinky Curly Wigs,0
"No, thanks. I'd prefer not to save.",1
2 people have looked at this in the last couple of hrs.,1
EU Delivery & Returns,0
Home »,0
Facebook icon,0
No thanks. I love chaos!,1
Availability: Low Stock 4 Remaining,1
Cooling & Air Treatment,0
Creators' Council,0
and future features included!,0
Horizon Wide Neck Sweatshirt,0
"Crystal Li in Flushing, United States purchased a",1
"128 sold today! Hurry, only a few left!",1
Cayman Islands USD,0
"Hurry, only 1 left!",1
A Ritual of Light,0
43 added to bag in the last 48hrs,1
(Only 1 Left),1
Only 9 units left in stock online.,1
Please note all products are made in limited quantities and we rarely restock - checkout now so you don't miss out!,1
HURRY! £32.99 UK DELIVERY ENDS SOON,1
"Howdy stranger, looks like your trail has hit a dead end.",0
Light Blue Regular Fit Single Cuff Easy Care Shirt,0
"No thanks, I don't want discount",1
Fashion Floral Short Sleeve Dress,0
BABY BOYSShoesClothingAccessories,0
11 11 Hours: 00 22 Minutes: 3223 3223 Seconds,1
Order without free membership $69.95,1
2 customers recently bought it,1
No I'd rather not hear about exclusive offers and discounts.,1
17 people have viewed this wine today,1
Accuscreens,0
Screen print graphics,0
"Due To HIGH Demand, Cart Expires In: 08:41",1
Fashion Bags,0
Jeanne E. Bray Memorial Scholarship,0
Wait! YOUR CART QUALIFIES FOR 15% OFF YOUR ENTIRE ORDER. Offer Expires in: 2955,1
Professional Color Tool Kit / Addons,1
"No thanks, I prefer to pay more for shoes!",1
(LIMITED TIME OFFER) TORSION GUN HOLSTER SUPER COMBO,1
United States,0
8 people have viewed this product today!,1
Scarves & Snoods,0
Canvas Wall Art,0
"Faith in Glendale, United States purchased a Choose Your Flavors 5 Bag Sample Pack (Whole Bean) about 1 hour ago",1
Platinum-Dipped Rose,0
Back Yard & Spa,0
In Stock Only 5 left!,1
"Business, Office & Industrial",0
Jewelry Care Kit,0
One customer bought this article in the last 53 min.,1
10 SEATS LEFT,1
Cross Body,0
Stay in the Know,0
HURRY! ONLY 11 LEFT IN STOCK.,1
READY FOR YOUR NEXT AUTHENTIC NHL JERSEY?,0
Hurry! Only 1 left!,1
Availability: Low in stock today,1
"Carl F. from Fort Ann, NY bought a King",1
Trending Players,0
Only 3 Left,1
67% offers claimed. Hurry up!,1
• State-by-State Restrictions,0
Every bicycle tells a story,0
Pre-order 3 left,1
"$3,159.20 $3,949.00 Limited time only",1
Order in 13:16 to get $200 off your mattress,1
Uncheck the box if you prefer not to receive email updates.,1
Epilepsy Safe Profile: this profile enables people with epilepsy to safely use the website by eliminating the risk of seizures resulting from flashing or blinking animations and risky color combinations.,0
Use the domain shortly after payment,0
Italy € EUR,0
Harry Potter,0
Would you like to buy more and save more?,1
"No thanks, I despise coupons!",1
Round Neck Casual Loose Patchwork Printed Short Sleeve Blouse,0
Daystate FAC Air Rifles,0
Data Processor Privacy Policy: https://triplelift.com/privacy,0
Wall Mounted Air Conditioners,0
Q: Will this damage my hair?,0
I don't want a discount,1
Grab yourself a bargain!,1
Sunflower,0
Don't forget the essentials Get up to 2 years of accidental damage coverage with AppleCare+.,1
LIMITED TIME ONLY,1
Books and Stationery,0
"Get inspiration, new arrivals and the latest offers to your inbox.",0
"Someone in Chambersburg, Pennsylvania purchased",1
JFN Scallop V Neck Solid Casual T-Shirt/Tee,0
Casual V-Neck Sleeveless T-Shirt,0
ONLY 13 LEFT,1
About UsNews & Articles,0
SAVE TODAY: Save 20% on lighting by Le Klint. Limited time only.,1
Act now and save $12.99. Limited time only!,1
00DAYS00HOURS47MINUTES36SECONDS SALE ENDS ONCE COUNTER HITS ZERO,1
"No thanks, I'll be the last to know.",1
AdjustableSnapbacksSale Items- View All -,0
Add your favourites to cart,0
"Size low on stock, only 1 item left",1
View product View SAA Standard Membership Renewal - Credit/Debit Card - One Year Only,0
"Mounif in Pittsburgh, United States purchased",1
MOST POPULAR,1
Moonstone Beads,0
1626 people seeing this product right now,1
"Sorry, we could not process your request at the moment. Please try again in a few minutes.",0
Skin Concerns,0
TV & Home Appliances,0
ONLY 1 LEFT IN STOCK!,1
TWO FREE PILLOWS AND 30% OFF WITH PROMO CODE,1
Only 9 Left.,1
Explosive Offers! 80% Off Everything 07:25:41,1
Your shopping cart is empty.,0
Search for similiar products,0
ALMOST GONE - only 2 remaining!,1
"No, I don't feel lucky",1
Only 5 Left in Stock. Buy Soon!,1
Wireless Microphone,0
Strong demand! Complete your order before it's too late!,1
*** Get 50% Off Your 2nd Case OR a Canopy Screen Protector *** A 50% OFF discount will be automatically applied to the lowest priced item in your cart when you check out with more than one item! (excludes Clearance items) Click to Choose Another Item,1
Sharmeen Atif From Karachi just bought Stylish Metal Glasses Frames For Kids-Assorted-NA7157,1
Crystal Lotus Sriyantras,0
Contract free,0
No I don't feel lucky,1
ON SALE: Select Seasonal T-Shirts only $19.99! Limited time only! Save Now!,1
FREE NECKLACE FOR MOM 01Days 01Hrs 35Mins 02Secs,1
"Yes, I Want To Save Money!No Thanks",1
HURRY! ONLY 19 LEFT IN STOCK.,1
JFN Crew Neck Floral Vacation T-Shirt/Tee,0
"Mitchell H. Purchased a Dimplex IgniteXL 100"" Linear Built in Electric Fireplace",1
166 people have added this item to cart,1
Only 1 Item Left!,1
Adjustable Cuffs With Inner Knitted Cuff,0
Plant-based Protein,0
"Someone in Shelby twp, United States just bought Galaxy Note 8 10000mAh ZeroShock Battery Case 3 days ago",1
The World Fair Trade Organization Label guarantees that People Tree follows Fair Trade best practices in our organisation.,0
"1,446 people have viewed this item",1
We value your privacy We use cookies to improve your website experience. We also use third-party cookies for marketing purposes. Learn more.,0
Time remaining: 04:50,1
Shop By Fabric,0
"Order soon, only 1 left!",1
"Brilliant! Chose what I wanted, and came a week later. Very happy with my purchase",0
Only 7 in Stock!,1
HURRY! LESS THAN 129 LEFT.,1
Only 1 left In Stock,1
52 people have added this product to bag in the last 72 hours,1
Strip Softbox,0
Please try again,0
210+ bought,1
Shop now. Pay later. Always interest-free,0
Packed with Super Citrimax,0
Hurry up! Only 11 items left,1
Massive Tax Time Sale See Discounts! Sale ends in,1
"No thanks, I'm not interested",1
"Tambria in Hattiesburg just bought Peruvian Virgin Natural Wave Hair 3 Bundles with Lace Frontal, 100% Human Virgin Hair",1
Only 1 Item(s) left,1
Synthesis Alloy Collection,0
"25,439 people have viewed this item",1
Stone Island Junior,0
Wall art,0
🔥 2 people are looking right now,1
We have 1 left in stock,1
"Trey in Sparta, United States purchased Stealth Angel Ultra Lightweight & Portable Sleeping Bag about 45 minutes ago",1
"No thanks, I’d rather pay full price.",1
Sale Womens Clothing,0
228 People Have Viewed This Product Recently!,1
info@chainedandable.com,0
In Stock. Only 1 Left!,1
Only 8 Left!,1
beautifully written prose,0
Gold Collection,0
LOGIN/REGISTER,1
Save $148.98AUD – 49% Off,1
1day21:04:58,1
ONLY 1 LEFT IN STOCK,1
"They look really good with my brown eyes, and they look pretty natural.",0
"Rick in Columbia, United States purchased a",1
Availability: In Stock Hurry! Only 8 Left!,1
Was this product description useful?YesNo,0
OFFER ENDS: 09h: 09m: 55s: 0,1
Brand: Ray-Ban® | Similar products from Ray-Ban®,0
Glows In The Dark,0
ShoesBootsCasual ShoesFormal ShoesSandals & Flip-flopsShoe Care & AccessoriesSlippersSneakers & CanvasSports Shoes,0
Safe & Secure Checkout,0
"No Thanks, I Don't Like Saving Money.",1
Only 4 copies left,1
Ericdress Long Sleeve Mesh Off Shoulder Summer Dress,0
Customer also shopped for,1
Also notify me about New Arrivals!,0
In stock | 44 left,1
FLASH 19:15:22,1
"Rose in Portland, United States purchased Green Eco-Friendly iPhone XR Case about 54 minutes ago",1
Rare Book Conditions,0
You left 2 items in your bag Released in: 29 minutes :07 seconds,1
Fewer than 5 left!,1
Men's Accessories,0
Only 1 Left!,1
only 7 pieces left,1
"James in Cashion, Oklahoma just bought Glossy Black Brick Geode / Amber Gradient Fast Lanes",1
Only 2 copies left,1
Only 1 left.,1
2+ people just viewed this product,1
"Sayeeganesh in Chennai, India just bought Dhoni the Finisher T-Shirt an hour ago",1
DON'T MISS ON THESE AWESOME ITEMS / DON'T MISS ON OUR TABLE DECORATION SYSTEM,1
Manage Consent Preferences,0
"Once a celebrated author of short stories now in his twilight years,",0
🔥👁️ 1 person is viewing this.,1
🔥 9 people are viewing this.,1
HURRY! YOUR 10% OFF EXPIRES IN 29:43,1
93 PEOPLE HAVE BOUGHT THIS PRODUCT TODAY,1
On Sale! Limited Time Offer!,1
Coloured Pencils,0
"No thanks, I don't like to save",1
Countdown,0
Anniversary Gifts by Year,0
Shop by Health Goals,0
"Jim in Houston, USA purchased Pure Ratios: Hemp Oil CBD Patch (40mg CBD)",1
Trowels & Putty Knife,0
Girls Trousers,0
LIMITED TIME ONLY 10 OFF 50 SPEND NEW CUSTOMERS ONLY - TERMS & CONDITIONS APPLY,1
Crystal Beads,0
All Men's Brands,0
Memory Cards,0
With 1-year Care Subscription 10 days history,1
Share on Pinterest,0
Send as giftexpand_more,0
"Ends in 1 Days, 4 Minutes, 44 Seconds",1
Limited Time,1
Ends Sunday! $200 off any mattress . free shipping & free returns!,1
"from Korea, South",0
WARNING! Only 5 left in stock!,1
00:15:07:45,1
Mary Janes,0
77 PEOPLE LIKE THIS,1
Resend One time Pin,0
U.S. Vape Mail Ban FAQs,0
5 people are looking at this product right now,1
Feeding Nightwear,0
All Shoes,0
Bike Parts & Components,0
✕,0
Allow All,0
Cargo Trousers,0
Don't miss out on this item! There is only 1 left in stock.,1
"Synthetic nicotine | Strawberry, kiwi & pomegranate",0
"Someone in San diego, United States just bought Gemfield Watch 15 days ago",1
Only 7 left,1
"No, I Don't Like Discounts",1
80 Customers are considering this product right now.,1
Hurry! Only 7 left in stock.,1
"ONCE IT'S GONE, IT'S GONE",1
Stay on Next.co.uk,0
Other 2 customers have it in their cart.,1
Shoe Care,0
"No thank you, I prefer to pay for shipping.",1
Lip Balms & Treatments,0
BOTTLES LEFT 3,1
clear text,0
Crossbody & Belt Bags,0
Only 1 items left in stock!,1
Hurry! Sale Ends In: 02:59:50,1
"Roommates agreement... need i say more? this is a great poster for the walls of any house that has more than one person living in it. if you're alone, get it all the same - it'll make you laugh at any given time :)",0
B-Series Truck remotes,0
13 people have added this to their cart,1
Hurry! Sale ends in:,1
"No thanks, I don’t like saving money.",1
new merch coming soon,0
I'LL PAY FULL PRICE,1
Someone purchased a FORWARD REVIVE WOMEN'S RED WHITE HUSTLE T-SHIRT 32 minutes ago,1
Someone in Cashmere bought a RCM Cosworth Timing Belt Kit 99-02MY EJ20/22/251 hour ago,1
Brandon Blackwood,0
Graduations,0
"Easy, awesome! ready to go. Held a charge first night",0
Show Cart,0
"No Thanks, I prefer not to have a protection plan",1
Only 1 Left,1
Only 7 left in stock.,1
HURRY! ENDS IN: 10 HRS 40 MIN 00 SEC,1
Short Sleeve T-Shirts,0
₪ ILS,0
"This site uses cookies to provide and improve your shopping experience. If you want to benefit from this improved service, please opt-in.",0
| Add to Compare,0
Explore more styles from this printspiration,0
selected language日本語currencyJPY,0
"Fancy some creative inspiration, news and offers? Sign up for SAA enewsletters today.",0
Art & Crafting Tools,0
"We cannot guarantee door to door delivery for every customer. Buyers in remote areas such as farms, islands, mining camps, small towns, or out-of-towners, etc may need to collect from their nearest freight depot.",0
Base Layer & Thermals,0
Hair Color + Highlights,0
View all,0
Low Price Guarantee,0
"Crystals are alive. Born inside Mother Earth, crystal energy can be felt just like heat or cold. For chakra training to astrological remedies, discover healing crystals.",0
"No thanks, I will pay full price.",1
In demand,1
1 left at this price,1
Sale ends soon:,1
Game Extraction & Prep,0
87% offers claimed. Hurry up!,1
Product Info,0
7 users have looked at this product in the past 6 minutes,1
Sale Clothing,0
17 people have added this item to cart,1
Limited time offer.,1
"Ashley in Auburn, United States purchased a Check Plz iPhone X/Xs Case about 24 minutes ago",1
New In,0
Less than 10 left in stock,1
Footwear Accessories,0
"19,302 people have added this item to cart",1
Bra Panty Set,0
Your order will be reserved for 6:56 minutes.,1
Material: Made with Cordura fabric,0
Black / White Refine by Color: Black / White,0
Limited Quantity Available,1
Casual Wear,0
Baby Size Guide,0
NRA Whittington Center Store,0
Shop Disposables,0
2 people are looking right now,1
"In stock, only 1 products left",1
"-- Preeti Shenoy, author of THE RULE BREAKERS",0
Salt Bender Tank and Shorts Combo,0
"No, thank you. I prefer to pay the full price",1
All Cross Stitch Patterns,0
Your one-time offer! Enjoy 10% off sitewide. Applied at checkout Offer ends in: 04 hrs 37 min 56 sec,1
Clearance Optic Accessories Deals,0
.,0
"PROTECT YOUR SOFA! Your Humblebum Sofa in Thatch house fabric will look wicked! Why not add Castelan Fabric Protection to cover your new squish machine against wine spillages, messy TV dinners, and other disasters for just just £80?",1
White Plus Size Clothing,0
"Mher from San Angelo, TX Recently made a purchase with Crossrope",1
Custom Board Quote,0
92 customers bought this in the last 48 hours,1
25% OFF* ENDS IN 00 : 12 : 27 : 15 DAYS HRS. MIN. SEC.,1
Watch how its done,0
AN ITEM IN YOUR CART IS SELLING OUT QUICKLY,1
Only 9 left in stock,1
Only 1 item left!,1
Add and save!,1
Hurry! Only 1 Pair left!,1
only 5 left,1
Ericdress Round Neck Three-Quarter Sleeve Mid-Calf Pullover Fall Women's Dress,0
Bathroom Basins,0
Someone in Faizabad just bought: Pretty Love Penis Sleeve 7 inch an hour 2 minutes ago,1
ONLY 4 LEFT IN STOCK,1
Radio and GPS Pouches,0
SAA Standard Membership - Credit/Debit Card - Automatic Annual Fee,0
Checkout within 04:10 so we don't run out of stock!,1
Limited Time Offer,1
Viewed 744 times today,1
Macro Focussing Rails,0
1 in Stock,1
Click and Collect T&C,0
Gift Card FAQs,0
Businesses in the EU buying from a business in the same country are also charged VAT.,0
Lean To Sheds,0
Aromatherapy,0
"When you place healing crystals in a symmetrical fashion and activate it with a crystal wand, the pattern is charged to send messages to the universe. A healing crystal grid uses sophisticated symmetry for manifestation.",0
"No thanks, I'll pay full price!",1
Gear Up,0
Light Works,0
"No, thanks. I'd rather pay full price.",1
251 people are viewing this right now,1
Limited Time Offer!,1
Signup for email updates from Car and Truck Remotes!,0
Ribbons,0
"Hurry, Limited Time Offer! 11:25",1
Casual Sheath Chiffon Sequins Straps V-neck Sleeveless Bridesmaid Dress,0
韓國香氛 Cosmic Mansion,0
Comfy and looks great,0
Someone in Boling Iago Texas United States Purchased Seek Discomfort Sketch White iPhone Case 5 hours ago,1
Almost Famous Jeans,0
A Date With Duchess,0
Quick Release,0
"Alpha BRAIN® is a dietary supplement that helps support cognitive functions, including memory, mental speed, and focus.†",0
POSTED BY @missladywoolf#motoin,0
"Someone from Cape Town, Western Cape, South Africa just started buying Packable Travel Duffel Bag! 5 minutes ago",1
"These cookies are necessary for the website to function and cannot be switched off in our system. These cookies are usually only set in response to actions made by you which include a request for services, such as setting your privacy preferences or logging into your account.",0
Free climate compensated shipping & returns,0
Rebecca in Buffalo just bought Sateen Twill Swatchabout 1 hour ago,1
"Hurry, only 2 left in stock",1
Only 1 left in stock,1
FootwearHome & Office,0
Drawstring Backpacks,0
PopGrip Antimicrobial Refine by Product Type: PopGrip Antimicrobial,0
All Womens Accessories,0
"Only available for a LIMITED TIME, so get yours TODAY!",1
Read the FAQ,0
Vacation One Shoulder Loosen Long Sleeve Woven Dress,0
Join NRA or Renew,0
Warm Tips,0
Military Discount,0
"Wigsbuy- Online Beauty Store of Fashion Wigs, Hair Extensions & Accessories for Sale.",0
Synthesis E-MTB Carbon Wheelset,0
3 left in stock,1
Reloading Tools,0
"When you visit any website, it may store or retrieve information on your browser, mostly in the form of cookies. This information might be about you, your preferences or your device and is mostly used to make the site work as you expect it to. The information does not usually directly identify you, but it can give you a more personalized web experience. Because we respect your right to privacy, you can choose not to allow some types of cookies. Click on the different category headings to find out more and change our default settings. However, blocking some types of cookies may impact your experience of the site and the services we are able to offer.",0
Protection Filters,0
Work With More Buyers And Sellers?,0
Events and Entertainment,0
People also buy this with,1
Stay with us in India,0
All Personalised Gifts,0
This link will open in a new window,0
Hurry! This special sale ends in 2h 42m 0s,1
Bob's For Business,0
Limited Time Offer: 10% Off your first order!,1
Only 1 left in stock.,1
"No thanks, I don't want to look my best",1
Ladies Flower Print Casual Fashion Dress,0
Track your order by entering your order number and email below or if you would like to create an account or log in (click here),0
Love the way you pay,0
TiesToys & GamesTravelWatches,0
Color Block,0
"Limited time only: FREE SHIPPING on all orders, no minimum required!",1
Write a reviewAsk a question,0
Limited quantity!,1
What could have caused this?,0
Motion Control System,0
Every Purchase Helps Your NRA:,0
00 DAYS 00 HOURS 29 MINUTES 26 SECONDS,1
"Hurry, only 3 left!",1
Returns an Item,0
Select shake flavor:,0
SAF Warriors,0
___,0
"We combined powerful, yet gentle acne-fighting ingredients with our own unique plant-based complexes to help reduce irritation and redness associated with acne and breakouts. The result? Skin that’s nourished, smooth, and most importantly, clear!",0
Only 1 item left,1
"We'd like to keep you informed via email about product updates, upgrades, special offers and pricing. If you do not wish to be contacted via email, please ensure that the box is not checked.",1
Only 2 left in stock!,1
78 Persons looking for this product,1
VUSE Alto Menthol Pods,0
C.P. Company,0
"We are one of the best online printing technology & solution company successfully serving local and international customers to cherish the joy, love and precious moments in life with various products. Being an instrument to spread your joy and love in a beautiful way we take pride in providing the best quality services.",0
Over 200 views in 24 hrs,1
111 people have purchased this item,1
Search Close,0
2 people are viewing this,1
Only 14 left,1
GeekVape Pursue a Healthy Vaping Experience,0
We value your input. Share your review so everyone else can enjoy it too.,0
Limited time - Free Shipping on all orders*,1
24 people have purchased this wine today,1
Tactical Rifles,0
Glasses and Goggles,0
shop all,0
1DAYS 04 HOURS 17 MINUTES 18 SECONDS,1
SHIPPING INFO,0
In other users' carts 59,1
